{
	"product_en": {
		"properties": {
			"name": {
				"type": "keyword",
				"fields": {
					"analyzed": {
						"type": "text",
						"analyzer": "nameAnalyzer",
						"search_analyzer": "nameAnalyzer"
					}
				}
			},
			"categories": {
				"type": "keyword",
				"fields": {
					"analyzed": {
						"type": "text",
						"analyzer": "nameAnalyzer",
						"search_analyzer": "nameAnalyzer"
					}
				}
			},
			"manufacturer": {
				"type": "keyword",
				"fields": {
					"analyzed": {
						"type": "text",
						"analyzer": "nameAnalyzer",
						"search_analyzer": "nameAnalyzer"
					}
				}
			},
			"description": {
				"type": "keyword",
				"fields": {
					"analyzed": {
						"type": "text",
						"analyzer": "nameAnalyzer",
						"search_analyzer": "nameAnalyzer"
					}
				}
			},
			"tags": {
				"type": "keyword"
			},
			"price": {
				"type": "float"
			}
		}
	}
}