{
    "vehicles": [{
            "vehicle_id": "vehicle1",
            "start_address": {
                "location_id": "v1_erfurt",
                "lon": 11.028771,
                "lat": 50.977723
            },
            "type_id": "vehicle_type_1"
        },
        {
            "vehicle_id": "vehicle2",
            "start_address": {
                "location_id": "v2_erfurt",
                "lon": 11.028771,
                "lat": 50.977723
            },
            "type_id": "vehicle_type_1"
        }, {
            "vehicle_id": "vehicle3",
            "start_address": {
                "location_id": "v3_kassel",
                "lon": 9.492188,
                "lat": 51.296276
            },
            "type_id": "vehicle_type_1"
        }, {
            "vehicle_id": "vehicle4",
            "start_address": {
                "location_id": "v4_erfurt",
                "lon": 11.028771,
                "lat": 50.977723
            },
            "type_id": "vehicle_type_1"
        }],
    "vehicle_types": [{
            "type_id": "vehicle_type_1",
            "profile": "car",
            "capacity": [3]
        }],
    "services": [
        {
            "id": "b1",
            "name": "drink_bionade_in_magdeburg",
            "address": {
                "location_id": "loc_b1",
                "lon": 11.645508,
                "lat": 52.126744
            },
            "size": [1]
        },
        {
            "id": "b2",
            "name": "drink_cola_in_berlin",
            "address": {
                "location_id": "loc_b2",
                "lon": 13.354568,
                "lat": 52.514549
            },
            "size": [1]
        },
        {
            "id": "b3",
            "name": "drink_juice_in_ulm",
            "address": {
                "location_id": "loc_b3",
                "lon": 9.990692,
                "lat": 48.398209
            },
            "size": [1]
        },
        {
            "id": "b4",
            "name": "drink_nothing_in_dresden",
            "address": {
                "location_id": "loc_b4",
                "lon": 13.738403,
                "lat": 51.050028
            },
            "size": [1]
        },
        {
            "id": "b5",
            "name": "drink_wine_in_kassel",
            "address": {
                "location_id": "loc_b5",
                "lon": 9.486694,
                "lat": 51.31173
            },
            "size": [1]
        },
        {
            "id": "b6",
            "name": "drink_beer_in_dortmund",
            "address": {
                "location_id": "loc_b6",
                "lon": 7.500916,
                "lat": 51.508742
            },
            "size": [1]
        },
        {
            "id": "b7",
            "name": "drink_water_in_karlsruhe",
            "address": {
                "location_id": "loc_b7",
                "lon": 8.3858333,
                "lat": 49.0047222
            },
            "size": [1]
        },
        {
            "id": "b8",
            "name": "drink_fish_in_bremen",
            "address": {
                "location_id": "loc_b8",
                "lon": 8.822021,
                "lat": 53.041213
            },
            "size": [1]
        },
        {
            "id": "b9",
            "name": "drink_somethingelse_in_hof",
            "address": {
                "location_id": "loc_b9",
                "lon": 11.8927,
                "lat": 50.310392
            },
            "size": [1]
        }, {
            "id": "b10",
            "name": "drink_mainz",
            "address": {
                "location_id": "loc_b10",
                "lon": 8.278198,
                "lat": 50.00067
            },
            "size": [1]
        }, {
            "id": "b11",
            "name": "drink_schwerin",
            "address": {
                "location_id": "loc_b11",
                "lon": 11.447754,
                "lat": 53.618579
            },
            "size": [1]
        }
    ]
}
